timeStamp,elapsed,responseCode,Latency,SampleCount,ErrorCount,IdleTime,Connect
1686602709398,528,429,528,1,1,0,349
1686602709405,562,429,562,1,1,0,352
1686602709481,508,429,508,1,1,0,333
1686602709469,522,429,522,1,1,0,345
1686602709447,546,429,546,1,1,0,352
1686602709477,524,429,524,1,1,0,344
1686602709362,646,200,639,1,0,0,363
1686602709392,616,200,609,1,0,0,351
1686602709382,627,200,619,1,0,0,355
1686602709414,607,200,604,1,0,0,333
1686602709388,650,200,644,1,0,0,359
1686602709511,550,429,550,1,1,0,367
1686602709451,650,200,637,1,0,0,353
1686602709428,673,200,667,1,0,0,358
1686602709367,734,200,722,1,0,0,386
1686602709369,732,200,721,1,0,0,384
1686602709506,602,429,602,1,1,0,420
1686602709460,658,200,645,1,0,0,354
1686602709491,640,200,627,1,0,0,330
1686602709460,671,200,658,1,0,0,354
1686602709591,548,429,548,1,1,0,366
1686602709493,668,200,653,1,0,0,327
1686602709649,519,429,519,1,1,0,340
1686602709572,635,200,627,1,0,0,367
1686602709514,699,200,686,1,0,0,412
1686602709589,625,200,616,1,0,0,358
1686602709547,672,200,658,1,0,0,391
1686602709575,645,200,631,1,0,0,372
1686602709551,669,200,656,1,0,0,389
1686602709564,660,200,649,1,0,0,383
1686602709520,707,200,699,1,0,0,364
1686602709535,698,200,689,1,0,0,391
1686602709538,701,200,688,1,0,0,401
1686602709522,725,200,711,1,0,0,362
1686602709728,519,429,519,1,1,0,354
1686602709583,670,200,664,1,0,0,364
1686602709543,711,200,704,1,0,0,397
1686602709534,732,200,719,1,0,0,404
1686602709568,698,200,692,1,0,0,389
1686602709685,588,200,575,1,0,0,316
1686602709650,636,200,623,1,0,0,337
1686602709420,866,200,853,1,0,0,366
1686602709650,643,200,631,1,0,0,338
1686602709373,927,200,914,1,0,0,384
1686602709646,671,200,651,1,0,0,341
1686602709425,899,200,895,1,0,0,361
1686602709684,649,200,636,1,0,0,325
1686602709651,689,200,682,1,0,0,337
1686602709700,648,200,639,1,0,0,329
1686602709865,492,429,492,1,1,0,325
1686602709649,716,200,703,1,0,0,342
1686602709873,493,429,493,1,1,0,327
1686602709732,640,200,637,1,0,0,350
1686602709456,929,200,910,1,0,0,348
1686602709474,911,200,899,1,0,0,340
1686602709875,515,429,515,1,1,0,332
1686602709902,504,429,504,1,1,0,325
1686602709901,506,429,506,1,1,0,319
1686602709447,961,200,961,1,0,0,347
1686602709447,961,200,961,1,0,0,352
1686602709705,713,200,701,1,0,0,313
1686602709417,1002,200,989,1,0,0,367
1686602709781,638,200,625,1,0,0,358
1686602709771,649,200,635,1,0,0,360
1686602709899,524,429,524,1,1,0,321
1686602709650,773,200,764,1,0,0,342
1686602709762,661,200,651,1,0,0,363
1686602709684,739,200,729,1,0,0,325
1686602709432,996,200,996,1,0,0,354
1686602709866,563,429,563,1,1,0,340
1686602709922,519,429,519,1,1,0,319
1686602709941,510,429,510,1,1,0,346
1686602709866,592,200,579,1,0,0,325
1686602709865,600,200,586,1,0,0,326
1686602709382,1087,200,1071,1,0,0,375
1686602709650,822,200,814,1,0,0,379
1686602709856,621,200,613,1,0,0,321
1686602709862,622,200,610,1,0,0,314
1686602709953,538,429,538,1,1,0,350
1686602710005,499,429,499,1,1,0,333
1686602709914,592,200,583,1,0,0,327
1686602709874,641,200,623,1,0,0,326
1686602709925,590,200,571,1,0,0,316
1686602709670,845,200,835,1,0,0,319
1686602709890,625,200,615,1,0,0,316
1686602709884,645,200,641,1,0,0,323
1686602709500,1066,200,1051,1,0,0,384
1686602709707,859,200,837,1,0,0,375
1686602709948,613,200,596,1,0,0,339
1686602709863,710,200,704,1,0,0,314
1686602710066,526,429,526,1,1,0,362
1686602709719,874,200,861,1,0,0,363
1686602710066,527,429,527,1,1,0,358
1686602709727,868,200,853,1,0,0,356
1686602710073,522,429,522,1,1,0,348
1686602709942,658,200,645,1,0,0,345
1686602709485,1121,200,1113,1,0,0,854
1686602710004,602,200,596,1,0,0,317
1686602710006,608,200,595,1,0,0,332
1686602710108,506,429,506,1,1,0,335
1686602710108,507,429,507,1,1,0,334
1686602710012,609,200,604,1,0,0,326
1686602709876,747,200,730,1,0,0,324
1686602710050,584,200,573,1,0,0,315
1686602710148,495,429,495,1,1,0,324
1686602709578,1065,200,1056,1,0,0,361
1686602710167,476,429,476,1,1,0,311
1686602709651,993,200,983,1,0,0,338
1686602710129,520,429,520,1,1,0,343
1686602709436,1219,200,1207,1,0,0,521
1686602709667,1004,200,995,1,0,0,334
1686602710016,655,200,639,1,0,0,322
1686602709497,1187,200,1174,1,0,0,429
1686602710075,609,200,596,1,0,0,336
1686602710203,481,429,481,1,1,0,313
1686602709692,999,200,992,1,0,0,309
1686602710197,494,429,494,1,1,0,324
1686602709533,1158,200,1145,1,0,0,393
1686602710003,701,200,688,1,0,0,349
1686602709761,944,200,930,1,0,0,358
1686602709873,837,200,824,1,0,0,327
1686602709401,1309,200,1297,1,0,0,385
1686602709864,852,200,840,1,0,0,313
1686602710075,642,200,630,1,0,0,332
1686602710085,637,200,625,1,0,0,322
1686602709778,944,200,932,1,0,0,361
1686602710076,651,200,634,1,0,0,344
1686602710239,499,429,499,1,1,0,328
1686602710162,581,200,575,1,0,0,316
1686602709737,1012,200,1000,1,0,0,381
1686602709697,1052,200,1042,1,0,0,321
1686602710132,617,200,606,1,0,0,346
1686602710076,680,200,666,1,0,0,330
1686602710282,494,429,494,1,1,0,332
1686602710298,478,429,478,1,1,0,316
1686602709760,1024,200,1008,1,0,0,379
1686602710147,643,200,636,1,0,0,331
1686602710142,648,200,641,1,0,0,330
1686602709648,1149,200,1136,1,0,0,795
1686602709657,1148,200,1133,1,0,0,331
1686602709464,1349,200,1333,1,0,0,349
1686602709760,1069,200,1053,1,0,0,358
1686602709656,1173,200,1158,1,0,0,333
1686602709956,878,200,864,1,0,0,347
1686602710198,641,200,630,1,0,0,369
1686602710265,574,200,564,1,0,0,315
1686602709893,946,200,940,1,0,0,314
1686602710073,766,200,755,1,0,0,333
1686602709669,1170,200,1159,1,0,0,320
1686602710075,764,200,753,1,0,0,492
1686602710362,504,429,504,1,1,0,336
1686602710355,511,429,511,1,1,0,351
1686602709651,1221,200,1215,1,0,0,342
1686602710167,713,200,705,1,0,0,311
1686602710264,624,200,608,1,0,0,316
1686602710306,590,200,574,1,0,0,328
1686602709650,1246,200,1230,1,0,0,339
1686602710215,704,200,696,1,0,0,434
1686602709559,1368,200,1352,1,0,0,380
1686602709763,1164,200,1148,1,0,0,355
1686602710089,843,200,830,1,0,0,566
1686602710087,845,200,832,1,0,0,563
1686602709875,1065,200,1052,1,0,0,332
1686602709873,1079,200,1067,1,0,0,326
1686602710112,840,200,828,1,0,0,346
1686602710355,610,200,597,1,0,0,350
1686602709689,1276,200,1263,1,0,0,312
1686602710290,681,200,675,1,0,0,324
1686602709649,1322,200,1309,1,0,0,339
1686602710363,608,200,595,1,0,0,342
1686602709889,1090,200,1076,1,0,0,318
1686602709719,1266,200,1252,1,0,0,360
1686602709855,1130,200,1116,1,0,0,322
1686602709713,1272,200,1266,1,0,0,369
1686602709685,1300,200,1294,1,0,0,324
1686602709864,1128,200,1115,1,0,0,326
1686602709763,1229,200,1216,1,0,0,362
1686602710004,1013,200,981,1,0,0,658
1686602709863,1154,200,1122,1,0,0,328
1686602710152,865,200,840,1,0,0,587
1686602710342,675,200,651,1,0,0,374
1686602710164,853,200,853,1,0,0,327
1686602710349,677,200,668,1,0,0,368
1686602710278,754,200,748,1,0,0,384
1686602710100,932,200,920,1,0,0,358
1686602709941,1091,200,1079,1,0,0,362
1686602709914,1118,200,1106,1,0,0,319
1686602710143,898,200,883,1,0,0,329
1686602710309,739,200,732,1,0,0,448
1686602710174,875,200,867,1,0,0,341
1686602710005,1104,200,1092,1,0,0,313
1686602710005,1104,200,1098,1,0,0,333
1686602710225,878,200,866,1,0,0,327
1686602709967,1129,200,1117,1,0,0,333
1686602710421,675,200,656,1,0,0,318
1686602709875,1210,200,1202,1,0,0,324
1686602709878,1245,200,1239,1,0,0,322
1686602710189,968,200,955,1,0,0,333
1686602710204,953,200,940,1,0,0,321
1686602709960,1205,200,1191,1,0,0,327
1686602710000,1174,200,1165,1,0,0,338
1686602710006,1181,200,1174,1,0,0,333
1686602710225,962,200,949,1,0,0,348
1686602710269,928,200,911,1,0,0,324
1686602710020,1240,200,1234,1,0,0,319
1686602710206,1064,200,1055,1,0,0,766
1686602710361,927,200,917,1,0,0,337
1686602709854,1488,200,1482,1,0,0,322
1686602710372,988,200,981,1,0,0,725
1686602710258,1121,200,1113,1,0,0,322
1686602710201,1210,200,1203,1,0,0,366
1686602710087,1344,200,1338,1,0,0,562
1686602709875,1578,200,1572,1,0,0,338
1686602709919,1546,200,1540,1,0,0,323
1686602710361,1133,200,1126,1,0,0,336
1686602709945,1615,200,1603,1,0,0,342
1686602710051,1537,200,1528,1,0,0,314
1686602709942,1689,200,1684,1,0,0,361
1686602710233,1428,200,1421,1,0,0,333
1686602710051,1679,200,1669,1,0,0,314
1686602710000,1730,200,1720,1,0,0,323
1686602710274,1472,200,1466,1,0,0,326
1686602710075,1715,200,1709,1,0,0,353
1686602709763,2133,200,2128,1,0,0,355
1686602710126,1778,200,1765,1,0,0,346
1686602710356,1585,200,1579,1,0,0,349
1686602710126,1860,200,1857,1,0,0,346
1686602710122,1871,200,1861,1,0,0,349
1686602710251,1742,200,1735,1,0,0,315
1686602710252,1912,200,1906,1,0,0,321
1686602710252,1998,200,1988,1,0,0,328
1686602710198,2124,200,2091,1,0,0,327
1686602712051,271,200,271,1,0,0,0
1686602712084,266,200,244,1,0,0,0
1686602712040,316,200,295,1,0,0,0
1686602712198,171,429,171,1,1,0,0
1686602712115,269,200,248,1,0,0,0
1686602710201,2190,200,2183,1,0,0,328
1686602712029,373,200,355,1,0,0,0
1686602712139,288,200,286,1,0,0,0
1686602710025,2415,200,2402,1,0,0,568
1686602710299,2148,200,2141,1,0,0,317
1686602712105,348,200,322,1,0,0,0
1686602712147,314,200,293,1,0,0,0
1686602712180,314,200,294,1,0,0,0
1686602712312,188,429,188,1,1,0,0
1686602710289,2218,200,2205,1,0,0,325
1686602712214,293,200,272,1,0,0,0
1686602712252,268,200,248,1,0,0,0
1686602712253,267,200,247,1,0,0,0
1686602710092,2445,200,2435,1,0,0,557
1686602712383,164,429,164,1,1,0,0
1686602712435,173,429,173,1,1,0,0
1686602712286,292,200,271,1,0,0,0
1686602712314,294,200,274,1,0,0,0
1686602712285,293,200,272,1,0,0,0
1686602712297,353,200,331,1,0,0,0
1686602712292,364,200,345,1,0,0,0
1686602712304,353,200,333,1,0,0,0
1686602712393,270,200,250,1,0,0,0
1686602712250,421,200,400,1,0,0,0
1686602712371,300,200,279,1,0,0,0
1686602712199,472,200,451,1,0,0,0
1686602712352,333,200,311,1,0,0,0
1686602712380,305,200,291,1,0,0,0
1686602712307,388,200,364,1,0,0,0
1686602712431,279,200,255,1,0,0,0
1686602710235,2493,200,2481,1,0,0,331
1686602710444,2297,200,2295,1,0,0,313
1686602712566,175,429,175,1,1,0,0
1686602712464,287,200,264,1,0,0,0
1686602712488,284,200,263,1,0,0,0
1686602712464,314,200,294,1,0,0,0
1686602712500,278,200,258,1,0,0,0
1686602712476,321,200,302,1,0,0,0
1686602712466,331,200,312,1,0,0,0
1686602712540,269,200,250,1,0,0,0
1686602712548,269,200,249,1,0,0,0
1686602712482,335,200,315,1,0,0,0
1686602712508,316,200,295,1,0,0,0
1686602712487,344,200,323,1,0,0,0
1686602710444,2396,200,2380,1,0,0,313
1686602712577,283,200,263,1,0,0,0
1686602712535,338,200,319,1,0,0,0
1686602712525,348,200,329,1,0,0,0
1686602712605,309,200,285,1,0,0,0
1686602712321,612,200,593,1,0,0,0
1686602712661,272,200,253,1,0,0,0
1686602712604,348,200,323,1,0,0,0
1686602712678,274,200,255,1,0,0,0
1686602712789,201,429,201,1,1,0,0
1686602712645,345,200,296,1,0,0,0
1686602712679,311,200,261,1,0,0,0
1686602712162,828,200,784,1,0,0,0
1686602712663,328,200,289,1,0,0,0
1686602712699,292,200,291,1,0,0,0
1686602712731,280,200,260,1,0,0,0
1686602712690,328,200,308,1,0,0,0
1686602712755,269,200,249,1,0,0,0
1686602712767,264,200,244,1,0,0,0
1686602712527,511,200,491,1,0,0,0
1686602712709,335,200,316,1,0,0,0
1686602712688,362,200,343,1,0,0,0
1686602712895,169,429,169,1,1,0,0
1686602712795,269,200,249,1,0,0,0
1686602712788,277,200,256,1,0,0,0
1686602712789,282,200,261,1,0,0,0
1686602712762,309,200,288,1,0,0,0
1686602712792,326,200,306,1,0,0,0
1686602712844,274,200,254,1,0,0,0
1686602712301,824,200,803,1,0,0,0
1686602712799,291,200,266,1,0,0,0
1686602712773,337,200,317,1,0,0,0
1686602712917,164,429,164,1,1,0,0
1686602712222,859,200,835,1,0,0,0
1686602712280,858,200,838,1,0,0,0
1686602712862,276,200,256,1,0,0,0
1686602712401,737,200,717,1,0,0,0
1686602712883,275,200,255,1,0,0,0
1686602710251,2907,200,2894,1,0,0,806
1686602712802,362,200,343,1,0,0,0
1686602712994,170,429,170,1,1,0,0
1686602713005,167,429,167,1,1,0,0
1686602712831,392,200,341,1,0,0,0
1686602712840,383,200,332,1,0,0,0
1686602712822,402,200,401,1,0,0,0
1686602712889,335,200,276,1,0,0,0
1686602712931,294,200,293,1,0,0,0
1686602712776,449,200,447,1,0,0,0
1686602713056,169,429,169,1,1,0,0
1686602713043,182,429,182,1,1,0,0
1686602713058,168,429,168,1,1,0,0
1686602712960,273,200,265,1,0,0,0
1686602712988,295,200,275,1,0,0,0
1686602712976,307,200,287,1,0,0,0
1686602712974,316,200,295,1,0,0,0
1686602712318,987,200,965,1,0,0,0
1686602713014,291,200,269,1,0,0,0
1686602713168,169,429,169,1,1,0,0
1686602713054,283,200,258,1,0,0,0
1686602712887,451,200,425,1,0,0,0
1686602713008,330,200,310,1,0,0,0
1686602712899,439,200,419,1,0,0,0
1686602713013,333,200,312,1,0,0,0
1686602712989,357,200,337,1,0,0,0
1686602713079,267,200,246,1,0,0,0
1686602713046,312,200,292,1,0,0,0
1686602713027,331,200,311,1,0,0,0
1686602712919,447,200,427,1,0,0,0
1686602713068,311,200,290,1,0,0,0
1686602713028,375,200,345,1,0,0,0
1686602713206,197,429,197,1,1,0,0
1686602713098,305,200,275,1,0,0,0
1686602712473,948,200,930,1,0,0,0
1686602713087,334,200,316,1,0,0,0
1686602712923,499,200,480,1,0,0,0
1686602713273,163,429,163,1,1,0,0
1686602712974,471,200,447,1,0,0,0
1686602713137,308,200,284,1,0,0,0
1686602713125,366,200,346,1,0,0,0
1686602713046,445,200,425,1,0,0,0
1686602713061,465,200,444,1,0,0,0
1686602712942,590,200,570,1,0,0,0
1686602713173,359,200,339,1,0,0,0
1686602713101,439,200,417,1,0,0,0
1686602713135,419,200,397,1,0,0,0
1686602712612,955,200,936,1,0,0,0
1686602713191,383,200,363,1,0,0,0
1686602713013,612,200,590,1,0,0,0
1686602713323,272,200,251,1,0,0,0
1686602713293,310,200,289,1,0,0,0
1686602713139,443,200,428,1,0,0,0
1686602713351,307,200,287,1,0,0,0
1686602712783,881,200,867,1,0,0,0
1686602713271,427,200,393,1,0,0,0
1686602713383,315,200,281,1,0,0,0
1686602712544,1177,200,1157,1,0,0,0
1686602712742,1008,200,991,1,0,0,0
1686602712808,948,200,925,1,0,0,0
1686602713207,555,200,533,1,0,0,0
1686602713477,304,200,279,1,0,0,0
1686602713440,362,200,341,1,0,0,0
1686602712628,1316,200,1316,1,0,0,0
1686602712912,1032,200,1032,1,0,0,0
1686602712280,1665,200,1664,1,0,0,0
1686602712993,952,200,952,1,0,0,0
1686602712862,1090,200,1083,1,0,0,0
1686602713118,851,200,671,1,0,0,0
1686602713529,440,200,260,1,0,0,0
1686602713643,334,200,309,1,0,0,0
1686602713501,488,200,468,1,0,0,0
1686602713115,881,200,854,1,0,0,0
1686602713039,974,200,950,1,0,0,0
1686602712387,1626,200,1602,1,0,0,0
1686602713675,338,200,321,1,0,0,0
1686602713527,492,200,468,1,0,0,0
1686602713713,325,200,300,1,0,0,0
1686602713809,329,200,289,1,0,0,0
1686602712405,1733,200,1693,1,0,0,0
1686602713811,327,200,290,1,0,0,0
1686602713739,414,200,399,1,0,0,0
1686602713018,1135,200,1120,1,0,0,0
1686602714007,170,429,170,1,1,0,0
1686602713201,1032,200,1012,1,0,0,0
1686602713975,268,200,245,1,0,0,0
1686602713990,270,200,253,1,0,0,0
1686602713124,1155,200,1136,1,0,0,0
1686602714017,269,200,249,1,0,0,0
1686602713794,698,200,698,1,0,0,0
1686602713202,1291,200,1290,1,0,0,0
1686602712609,1901,200,1707,1,0,0,0
1686602714206,304,200,286,1,0,0,0
1686602712692,1841,200,1818,1,0,0,0
1686602712757,1884,200,1864,1,0,0,0
1686602714295,293,200,288,1,0,0,0
1686602714394,268,200,255,1,0,0,0
1686602714507,165,429,165,1,1,0,0
1686602714332,352,200,330,1,0,0,0
1686602714514,170,429,170,1,1,0,0
1686602714382,317,200,311,1,0,0,0
1686602714539,167,429,167,1,1,0,0
1686602714450,280,200,256,1,0,0,0
1686602712759,1971,200,1955,1,0,0,0
1686602714413,429,200,412,1,0,0,0
1686602713980,867,200,845,1,0,0,0
1686602714372,510,200,497,1,0,0,0
1686602714714,168,429,168,1,1,0,0
1686602714714,168,429,168,1,1,0,0
1686602714724,172,429,172,1,1,0,0
1686602714634,262,200,248,1,0,0,0
1686602714623,306,200,294,1,0,0,0
1686602714463,481,200,466,1,0,0,0
1686602714536,416,200,402,1,0,0,0
1686602714605,360,200,347,1,0,0,0
1686602714693,272,200,259,1,0,0,0
1686602714521,518,200,504,1,0,0,0
1686602714871,168,429,168,1,1,0,0
1686602714672,384,200,367,1,0,0,0
1686602714718,356,200,343,1,0,0,0
1686602714845,285,200,272,1,0,0,0
1686602712966,2164,200,2144,1,0,0,0
1686602714749,374,200,353,1,0,0,0
1686602714841,269,200,261,1,0,0,0
1686602714784,318,200,301,1,0,0,0
1686602714854,304,200,292,1,0,0,0
1686602714840,318,200,306,1,0,0,0
1686602715027,171,429,171,1,1,0,0
1686602712981,2246,200,2224,1,0,0,0
1686602715059,168,429,168,1,1,0,0
1686602714961,298,200,284,1,0,0,0
1686602714996,263,200,249,1,0,0,0
1686602714916,353,200,336,1,0,0,0
1686602714905,364,200,347,1,0,0,0
1686602714733,536,200,519,1,0,0,0
1686602714999,287,200,274,1,0,0,0
1686602715016,277,200,263,1,0,0,0
1686602714968,340,200,325,1,0,0,0
1686602714572,736,200,721,1,0,0,0
1686602715039,274,200,262,1,0,0,0
1686602713040,2281,200,2261,1,0,0,0
1686602715164,165,429,165,1,1,0,0
1686602715173,162,429,162,1,1,0,0
1686602715020,322,200,309,1,0,0,0
1686602715040,302,200,289,1,0,0,0
1686602715097,272,200,265,1,0,0,0
1686602715045,350,200,337,1,0,0,0
1686602715234,161,429,161,1,1,0,0
1686602715088,313,200,300,1,0,0,0
1686602715124,283,200,271,1,0,0,0
1686602715111,296,200,284,1,0,0,0
1686602715069,352,200,338,1,0,0,0
1686602714882,549,200,532,1,0,0,0
1686602715253,178,429,178,1,1,0,0
1686602714681,758,200,750,1,0,0,0
1686602715304,164,429,164,1,1,0,0
1686602715185,301,200,293,1,0,0,0
1686602715230,271,200,256,1,0,0,0
1686602715232,275,200,262,1,0,0,0
1686602715349,165,429,165,1,1,0,0
1686602713172,2342,200,2322,1,0,0,0
1686602715225,296,200,282,1,0,0,0
1686602715143,383,200,371,1,0,0,0
1686602715211,322,200,309,1,0,0,0
1686602714399,1147,200,1127,1,0,0,0
1686602715127,427,200,412,1,0,0,0
1686602715257,297,200,282,1,0,0,0
1686602715391,171,429,171,1,1,0,0
1686602715346,287,200,273,1,0,0,0
1686602715342,285,200,271,1,0,0,0
1686602715342,285,200,271,1,0,0,0
1686602715238,381,200,367,1,0,0,0
1686602715344,269,200,260,1,0,0,0
1686602713185,2428,200,2413,1,0,0,0
1686602715414,168,429,168,1,1,0,0
1686602715435,267,200,260,1,0,0,0
1686602715383,319,200,304,1,0,0,0
1686602715435,277,200,260,1,0,0,0
1686602715447,265,200,248,1,0,0,0
1686602714865,865,200,847,1,0,0,0
1686602715123,614,200,607,1,0,0,0
1686602715476,275,200,269,1,0,0,0
1686602715591,167,429,167,1,1,0,0
1686602715410,356,200,341,1,0,0,0
1686602714733,1033,200,1018,1,0,0,0
1686602715486,292,200,280,1,0,0,0
1686602709410,6375,200,6362,1,0,0,348
1686602715500,299,200,285,1,0,0,0
1686602715584,269,200,261,1,0,0,0
1686602715586,283,200,267,1,0,0,0
1686602715082,791,200,778,1,0,0,0
1686602715613,277,200,260,1,0,0,0
1686602715172,718,200,701,1,0,0,0
1686602715578,339,200,327,1,0,0,0
1686602714529,1418,200,1405,1,0,0,0
1686602715628,328,200,313,1,0,0,0
1686602715434,534,200,527,1,0,0,0
1686602715208,766,200,754,1,0,0,0
1686602715684,290,200,277,1,0,0,0
1686602715395,589,200,573,1,0,0,0
1686602715714,283,200,270,1,0,0,0
1686602715685,312,200,299,1,0,0,0
1686602715648,355,200,343,1,0,0,0
1686602715722,281,200,269,1,0,0,0
1686602715565,438,200,426,1,0,0,0
1686602715745,271,200,258,1,0,0,0
1686602715849,167,429,167,1,1,0,0
1686602715663,363,200,346,1,0,0,0
1686602715396,665,200,653,1,0,0,0
1686602714615,1528,200,1508,1,0,0,0
1686602715851,285,200,272,1,0,0,0
1686602715485,651,200,638,1,0,0,0
1686602715846,274,200,258,1,0,0,0
1686602715730,381,200,374,1,0,0,0
1686602715712,374,200,358,1,0,0,0
1686602709554,6656,200,6650,1,0,0,393
1686602715980,370,200,370,1,0,0,0
1686602716002,348,200,348,1,0,0,0
1686602716017,334,200,333,1,0,0,0
1686602716023,328,200,328,1,0,0,0
1686602716156,195,429,195,1,1,0,0
1686602716042,309,200,309,1,0,0,0
1686602716055,296,200,296,1,0,0,0
1686602716042,309,200,309,1,0,0,0
1686602715965,386,200,279,1,0,0,0
1686602716081,282,200,270,1,0,0,0
1686602709647,6716,200,6704,1,0,0,344
1686602714685,1697,200,1553,1,0,0,0
1686602716009,386,200,373,1,0,0,0
1686602716131,278,200,264,1,0,0,0
1686602716083,336,200,320,1,0,0,0
1686602716038,387,200,371,1,0,0,0
1686602716118,329,200,316,1,0,0,0
1686602714003,2450,200,2431,1,0,0,0
1686602714825,1636,200,1622,1,0,0,0
1686602715779,682,200,668,1,0,0,0
1686602716201,267,200,253,1,0,0,0
1686602716210,292,200,279,1,0,0,0
1686602716238,293,200,279,1,0,0,0
1686602715103,1551,200,1539,1,0,0,0
1686602716342,281,200,270,1,0,0,0
1686602709855,6757,200,6745,1,0,0,306
1686602709861,6751,200,6739,1,0,0,316
1686602716304,281,200,265,1,0,0,0
1686602716286,387,200,374,1,0,0,0
1686602714930,1772,200,1759,1,0,0,0
1686602709768,6980,200,6972,1,0,0,350
1686602716274,489,200,474,1,0,0,0
1686602716545,267,200,254,1,0,0,0
1686602710234,6610,200,6604,1,0,0,333
1686602710307,6555,200,6549,1,0,0,327
1686602716737,172,429,172,1,1,0,0
1686602715365,1554,200,1537,1,0,0,0
1686602716651,281,200,268,1,0,0,0
1686602716593,363,200,349,1,0,0,0
1686602715839,1161,200,1150,1,0,0,0
1686602715576,1432,200,1418,1,0,0,0
1686602716495,527,200,520,1,0,0,0
1686602716732,305,200,299,1,0,0,0
1686602716722,329,200,315,1,0,0,0
1686602710362,6697,200,6682,1,0,0,336
1686602716793,286,200,274,1,0,0,0
1686602715301,1785,200,1778,1,0,0,0
1686602716205,930,200,923,1,0,0,0
1686602716024,1206,200,1194,1,0,0,0
1686602717007,279,200,273,1,0,0,0
1686602715408,1947,200,1940,1,0,0,0
1686602714528,2848,200,2841,1,0,0,0
1686602717211,280,200,265,1,0,0,0
1686602717321,170,429,170,1,1,0,0
1686602717214,285,200,270,1,0,0,0
1686602717175,325,200,309,1,0,0,0
1686602715669,1861,200,1854,1,0,0,0
1686602717336,399,200,399,1,0,0,0
1686602716263,1472,200,1472,1,0,0,0
1686602714695,3040,200,3040,1,0,0,0
1686602717373,362,200,362,1,0,0,0
1686602714658,3139,200,2939,1,0,0,0
1686602716570,1234,200,1222,1,0,0,0
1686602714800,3093,200,3080,1,0,0,0
1686602717576,324,200,311,1,0,0,0
1686602714867,3142,200,3140,1,0,0,0
1686602717818,286,200,261,1,0,0,0
1686602717789,296,200,283,1,0,0,0
1686602715283,3129,200,3121,1,0,0,0
1686602718219,265,200,252,1,0,0,0
1686602712164,6351,200,6331,1,0,0,0
1686602718270,301,200,280,1,0,0,0
1686602712245,6371,200,6351,1,0,0,0
1686602718375,349,200,343,1,0,0,0
1686602717760,1022,200,1009,1,0,0,0
1686602712446,6376,200,6361,1,0,0,0
1686602712534,6404,200,6369,1,0,0,0
1686602712576,6362,200,6362,1,0,0,0
1686602718798,166,429,166,1,1,0,0
1686602718693,294,200,271,1,0,0,0
1686602718719,293,200,278,1,0,0,0
1686602712641,6387,200,6371,1,0,0,0
1686602712647,6389,200,6365,1,0,0,0
1686602718880,280,200,280,1,0,0,0
1686602712702,6457,200,6402,1,0,0,0
1686602712715,6444,200,6395,1,0,0,0
1686602718903,284,200,265,1,0,0,0
1686602718472,807,200,807,1,0,0,0
1686602719086,296,200,255,1,0,0,0
1686602713057,6381,200,6361,1,0,0,0
1686602713473,6656,200,6635,1,0,0,0
1686602716556,3755,200,3742,1,0,0,0
1686602713836,6662,200,6642,1,0,0,0
1686602720544,166,429,166,1,1,0,0
1686602720705,163,429,163,1,1,0,0
1686602720576,357,200,346,1,0,0,0
1686602720220,771,200,756,1,0,0,0
1686602721023,258,200,251,1,0,0,0
1686602720764,538,200,525,1,0,0,0
1686602721029,285,200,267,1,0,0,0
1686602721027,328,200,321,1,0,0,0
1686602721234,165,429,165,1,1,0,0
1686602721236,172,429,172,1,1,0,0
1686602714912,6535,200,6521,1,0,0,0
1686602721038,409,200,395,1,0,0,0
1686602714989,6463,200,6451,1,0,0,0
1686602720891,598,200,586,1,0,0,0
1686602721018,656,200,644,1,0,0,0
1686602721197,443,200,436,1,0,0,0
1686602721456,268,200,256,1,0,0,0
1686602721269,518,200,504,1,0,0,0
1686602721064,737,200,723,1,0,0,0
1686602715123,6706,200,6699,1,0,0,0
1686602721465,466,200,453,1,0,0,0
1686602715179,6766,200,6745,1,0,0,0
1686602715198,6843,200,6831,1,0,0,0
1686602715276,6879,200,6864,1,0,0,0
1686602722176,261,200,251,1,0,0,0
1686602715515,7068,200,7034,1,0,0,0
1686602722581,522,200,509,1,0,0,0
1686602716918,6457,200,6443,1,0,0,0
1686602725712,283,200,271,1,0,0,0
1686602725790,287,200,283,1,0,0,0
1686602725988,188,429,188,1,1,0,0
1686602725993,327,200,320,1,0,0,0
1686602725963,373,200,364,1,0,0,0
1686602726060,283,200,267,1,0,0,0
1686602725850,513,200,507,1,0,0,0
1686602726159,266,200,260,1,0,0,0
1686602725971,463,200,448,1,0,0,0
1686602726157,298,200,290,1,0,0,0
1686602726212,272,200,266,1,0,0,0
1686602726169,332,200,324,1,0,0,0
1686602726211,312,200,299,1,0,0,0
1686602726115,415,200,408,1,0,0,0
1686602726357,173,429,173,1,1,0,0
1686602726310,279,200,266,1,0,0,0
1686602726311,278,200,271,1,0,0,0
1686602726309,296,200,280,1,0,0,0
1686602726352,270,200,262,1,0,0,0
1686602726430,279,200,269,1,0,0,0
1686602726021,678,200,670,1,0,0,0
1686602726303,333,200,318,1,0,0,0
1686602726326,311,200,303,1,0,0,0
1686602726317,340,200,334,1,0,0,0
1686602726400,292,200,292,1,0,0,0
1686602726582,168,429,168,1,1,0,0
1686602726460,335,200,328,1,0,0,0
1686602726466,342,200,336,1,0,0,0
1686602726498,310,200,297,1,0,0,0
1686602726639,169,429,169,1,1,0,0
1686602726563,271,200,265,1,0,0,0
1686602726505,336,200,323,1,0,0,0
1686602726518,323,200,310,1,0,0,0
1686602726745,161,429,161,1,1,0,0
1686602726639,273,200,267,1,0,0,0
1686602726421,505,200,498,1,0,0,0
1686602726779,172,429,172,1,1,0,0
1686602726731,309,200,291,1,0,0,0
1686602726588,458,200,451,1,0,0,0
1686602726745,307,200,295,1,0,0,0
1686602726762,306,200,290,1,0,0,0
1686602726767,301,200,286,1,0,0,0
1686602726808,277,200,260,1,0,0,0
1686602726590,495,200,478,1,0,0,0
1686602726879,277,200,271,1,0,0,0
1686602726973,264,200,254,1,0,0,0
1686602727078,166,429,166,1,1,0,0
1686602726994,274,200,268,1,0,0,0
1686602726911,365,200,357,1,0,0,0
1686602726677,612,200,599,1,0,0,0
1686602726952,337,200,324,1,0,0,0
1686602727019,289,200,283,1,0,0,0
1686602727005,324,200,316,1,0,0,0
1686602727016,346,200,334,1,0,0,0
1686602726982,380,200,368,1,0,0,0
1686602727083,279,200,267,1,0,0,0
1686602727019,343,200,331,1,0,0,0
1686602726705,666,200,657,1,0,0,0
1686602727107,272,200,264,1,0,0,0
1686602727225,161,429,161,1,1,0,0
1686602726749,644,200,630,1,0,0,0
1686602726971,428,200,422,1,0,0,0
1686602727005,403,200,388,1,0,0,0
1686602727224,264,200,252,1,0,0,0
1686602727212,283,200,270,1,0,0,0
1686602727383,166,429,166,1,1,0,0
1686602727180,377,200,370,1,0,0,0
1686602726814,749,200,735,1,0,0,0
1686602727235,328,200,315,1,0,0,0
1686602726602,997,200,961,1,0,0,0
1686602727444,308,200,301,1,0,0,0
1686602727481,271,200,264,1,0,0,0
1686602726970,781,200,768,1,0,0,0
1686602727457,288,200,274,1,0,0,0
1686602727426,312,200,305,1,0,0,0
1686602727103,593,200,586,1,0,0,326
1686602727372,302,200,296,1,0,0,0
1686602727357,295,200,289,1,0,0,0
1686602727379,267,200,255,1,0,0,0
1686602726836,810,200,798,1,0,0,0
1686602727381,265,200,253,1,0,0,0
1686602727507,259,200,253,1,0,0,0
1686602727503,270,200,257,1,0,0,0
1686602727205,596,200,587,1,0,0,318
1686602727543,269,200,258,1,0,0,0
1686602727549,272,200,263,1,0,0,0
1686602727555,281,200,266,1,0,0,0
1686602727582,274,200,262,1,0,0,0
1686602727474,498,429,498,1,1,0,331
1686602727707,271,200,265,1,0,0,0
1686602727683,324,200,310,1,0,0,0
1686602726787,1232,200,1226,1,0,0,0
1686602727685,334,200,322,1,0,0,0
1686602727742,277,200,271,1,0,0,0
1686602727604,482,429,482,1,1,0,310
1686602727819,282,200,267,1,0,0,0
1686602727514,599,200,587,1,0,0,307
1686602726837,1283,200,1276,1,0,0,0
1686602727528,598,200,585,1,0,0,316
1686602727586,644,200,631,1,0,0,318
1686602727882,299,200,293,1,0,0,0
1686602727765,371,200,355,1,0,0,0
1686602727547,589,200,573,1,0,0,318
1686602727651,586,200,574,1,0,0,315
1686602727950,293,200,280,1,0,0,0
1686602728073,170,429,170,1,1,0,0
1686602727644,605,200,593,1,0,0,322
1686602727641,608,200,602,1,0,0,322
1686602727708,573,200,566,1,0,0,305
1686602727976,313,200,299,1,0,0,0
1686602727668,643,200,637,1,0,0,319
1686602727004,1321,200,1307,1,0,0,0
1686602728058,267,200,253,1,0,0,0
1686602727984,341,200,327,1,0,0,0
1686602727549,783,200,769,1,0,0,345
1686602727862,484,429,484,1,1,0,313
1686602728084,276,200,268,1,0,0,0
1686602727774,614,200,599,1,0,0,333
1686602728098,304,200,298,1,0,0,0
1686602727030,1378,200,1366,1,0,0,0
1686602727835,586,200,573,1,0,0,322
1686602727850,579,200,565,1,0,0,307
1686602727963,475,429,475,1,1,0,312
1686602727907,584,200,570,1,0,0,310
1686602727899,592,200,585,1,0,0,318
1686602727412,1092,200,1079,1,0,0,0
1686602727063,1456,200,1441,1,0,0,0
1686602728252,274,200,268,1,0,0,0
1686602727950,603,200,588,1,0,0,325
1686602728058,500,429,500,1,1,0,322
1686602728269,303,200,290,1,0,0,0
1686602727975,606,200,590,1,0,0,324
1686602728000,585,200,572,1,0,0,311
1686602727404,1189,200,1177,1,0,0,0
1686602728016,590,200,587,1,0,0,323
1686602728325,303,200,287,1,0,0,0
1686602727510,1191,200,1174,1,0,0,0
1686602728220,471,429,471,1,1,0,306
1686602728406,271,200,266,1,0,0,0
1686602728092,668,200,668,1,0,0,317
1686602728220,566,200,553,1,0,0,306
1686602728236,593,200,583,1,0,0,323
1686602728569,278,200,275,1,0,0,0
1686602727746,1116,200,1106,1,0,0,305
1686602728067,795,200,780,1,0,0,0
1686602727792,1110,200,1087,1,0,0,829
1686602728490,489,429,489,1,1,0,308
1686602728507,472,429,472,1,1,0,312
1686602728816,163,429,163,1,1,0,0
1686602727860,1166,200,1153,1,0,0,841
1686602728400,633,200,619,1,0,0,311
1686602728338,695,200,681,1,0,0,0
1686602728736,303,200,290,1,0,0,0
1686602728472,591,200,576,1,0,0,307
1686602728469,609,200,603,1,0,0,310
1686602728806,285,200,272,1,0,0,0
1686602728495,601,200,596,1,0,0,303
1686602728832,301,200,287,1,0,0,0
1686602728536,597,200,583,1,0,0,308
1686602728945,285,200,271,1,0,0,0
1686602728401,829,200,815,1,0,0,0
1686602728558,665,200,652,1,0,0,348
1686602727997,1219,200,1213,1,0,0,308
1686602728171,1030,200,1030,1,0,0,312
1686602728550,651,200,651,1,0,0,356
1686602728809,348,200,343,1,0,0,0
1686602728642,510,429,510,1,1,0,336
1686602729078,172,429,172,1,1,0,0
1686602728455,812,200,795,1,0,0,308
1686602728212,1062,200,1055,1,0,0,308
1686602728244,1082,200,1078,1,0,0,809
1686602728718,649,200,643,1,0,0,335
1686602728878,489,429,489,1,1,0,323
1686602728592,782,200,769,1,0,0,0
1686602728706,668,200,655,1,0,0,347
1686602728413,975,200,969,1,0,0,309
1686602728972,564,429,564,1,1,0,325
1686602728481,1055,200,1055,1,0,0,312
1686602729171,365,200,365,1,0,0,0
1686602728912,624,200,624,1,0,0,318
1686602728899,638,200,638,1,0,0,324
1686602728878,659,200,659,1,0,0,332
1686602728892,645,200,645,1,0,0,324
1686602728998,539,429,539,1,1,0,341
1686602728917,620,200,620,1,0,0,313
1686602728945,598,200,593,1,0,0,322
1686602728905,645,200,633,1,0,0,325
1686602728928,641,200,623,1,0,0,346
1686602728189,1392,200,1380,1,0,0,302
1686602728518,1063,200,1051,1,0,0,0
1686602728942,646,200,639,1,0,0,325
1686602728930,672,200,658,1,0,0,344
1686602728980,622,200,608,1,0,0,346
1686602729472,282,200,276,1,0,0,0
1686602728918,726,200,725,1,0,0,450
1686602729488,321,200,309,1,0,0,0
1686602729162,703,200,665,1,0,0,375
1686602729142,723,200,723,1,0,0,395
1686602729129,745,200,736,1,0,0,408
1686602728896,978,200,969,1,0,0,0
1686602729081,838,200,832,1,0,0,565
1686602728762,1218,200,1210,1,0,0,390
1686602728415,1573,200,1557,1,0,0,344
1686602729292,706,200,696,1,0,0,393
1686602728927,1091,200,1079,1,0,0,361
1686602729543,491,429,491,1,1,0,323
1686602728782,1261,200,1247,1,0,0,0
1686602728718,1331,200,1316,1,0,0,335
1686602728556,1493,200,1487,1,0,0,350
1686602729397,686,200,680,1,0,0,430
1686602729424,787,200,780,1,0,0,442
1686602729808,380,200,374,1,0,0,0
1686602728535,1637,200,1632,1,0,0,309
1686602729850,322,200,302,1,0,0,0
1686602729490,669,200,662,1,0,0,375
1686602729833,312,200,298,1,0,0,0
1686602729507,638,200,624,1,0,0,358
1686602728558,1580,200,1567,1,0,0,348
1686602729530,608,200,595,1,0,0,335
1686602729700,581,200,568,1,0,0,306
1686602729646,654,200,647,1,0,0,316
1686602729757,572,200,564,1,0,0,311
1686602729678,651,200,635,1,0,0,328
1686602728598,1738,200,1723,1,0,0,308
1686602730117,298,200,278,1,0,0,0
1686602729760,677,200,663,1,0,0,308
1686602729967,478,429,478,1,1,0,308
1686602730141,313,200,296,1,0,0,0
1686602729893,577,200,571,1,0,0,318
1686602729216,1261,200,1248,1,0,0,322
1686602729932,585,200,571,1,0,0,311
1686602730251,266,200,246,1,0,0,0
1686602729431,1113,200,1099,1,0,0,434
1686602730268,309,200,288,1,0,0,0
1686602730261,316,200,295,1,0,0,0
1686602730323,269,200,262,1,0,0,0
1686602730045,563,200,554,1,0,0,309
1686602730159,576,200,566,1,0,0,311
1686602729409,1316,200,1307,1,0,0,418
1686602730144,563,200,557,1,0,0,310
1686602730380,321,200,301,1,0,0,0
1686602730500,172,429,172,1,1,0,0
1686602730339,321,200,300,1,0,0,0
1686602730319,333,200,312,1,0,0,0
1686602729365,1274,200,1260,1,0,0,345
1686602730328,311,200,291,1,0,0,0
1686602729140,1620,200,1607,1,0,0,396
1686602730479,288,200,268,1,0,0,0
1686602730483,302,200,277,1,0,0,0
1686602730546,277,200,256,1,0,0,0
1686602730261,617,200,600,1,0,0,317
1686602729491,1423,200,1417,1,0,0,336
1686602730521,436,200,416,1,0,0,0
1686602730364,593,200,581,1,0,0,323
1686602730791,172,429,172,1,1,0,0
1686602730618,355,200,339,1,0,0,0
1686602730376,603,200,587,1,0,0,311
1686602730423,586,200,571,1,0,0,312
1686602730524,485,429,485,1,1,0,325
1686602730939,268,200,245,1,0,0,0
1686602730592,569,200,546,1,0,0,0
1686602730647,587,200,581,1,0,0,317
1686602730687,570,200,566,1,0,0,313
1686602731146,166,429,166,1,1,0,0
1686602731113,276,200,254,1,0,0,0
1686602731136,269,200,247,1,0,0,0
1686602730284,1177,200,1154,1,0,0,0
1686602731181,307,200,287,1,0,0,0
1686602729724,1764,200,1751,1,0,0,311
1686602730933,601,200,595,1,0,0,309
1686602731365,169,429,169,1,1,0,0
1686602730985,585,200,571,1,0,0,317
1686602731403,167,429,167,1,1,0,0
1686602731280,290,200,270,1,0,0,0
1686602731279,337,200,314,1,0,0,0
1686602731345,271,200,257,1,0,0,0
1686602731454,275,200,252,1,0,0,0
1686602730850,819,200,803,1,0,0,0
1686602731286,420,200,399,1,0,0,0
1686602731332,374,200,353,1,0,0,0
1686602731368,308,200,285,1,0,0,0
1686602731640,167,429,167,1,1,0,0
1686602731636,171,429,171,1,1,0,0
1686602731553,282,200,260,1,0,0,0
1686602731566,276,200,254,1,0,0,0
1686602731237,613,200,605,1,0,0,313
1686602731608,264,200,247,1,0,0,0
1686602731055,817,200,795,1,0,0,0
1686602731557,338,200,323,1,0,0,0
1686602731019,876,200,867,1,0,0,309
1686602731634,284,200,261,1,0,0,0
1686602731632,319,200,311,1,0,0,0
1686602731679,293,200,272,1,0,0,0
1686602731690,387,200,367,1,0,0,0
1686602731818,265,200,245,1,0,0,0
1686602731604,605,200,586,1,0,0,0
1686602731944,265,200,258,1,0,0,0
1686602731890,312,200,294,1,0,0,0
1686602731890,284,200,265,1,0,0,0
1686602731996,159,429,159,1,1,0,0
1686602731931,306,200,285,1,0,0,0
1686602731946,303,200,283,1,0,0,0
1686602730297,1964,200,1959,1,0,0,314
1686602731621,640,200,621,1,0,0,0
1686602732008,260,200,248,1,0,0,0
1686602731207,1119,200,1100,1,0,0,0
1686602732150,177,429,177,1,1,0,0
1686602732073,285,200,272,1,0,0,0
1686602732096,270,200,249,1,0,0,0
1686602725890,6516,200,6510,1,0,0,0
1686602732082,338,200,331,1,0,0,0
1686602732262,165,429,165,1,1,0,0
1686602732131,308,200,282,1,0,0,0
1686602730794,1669,200,1652,1,0,0,0
1686602732358,174,429,174,1,1,0,0
1686602732245,294,200,279,1,0,0,0
1686602732376,163,429,163,1,1,0,0
1686602731380,1176,200,1152,1,0,0,0
1686602732242,339,200,322,1,0,0,0
1686602732317,278,200,254,1,0,0,0
1686602732304,319,200,303,1,0,0,0
1686602732376,325,200,321,1,0,0,0
1686602732524,163,429,163,1,1,0,0
1686602732407,280,200,263,1,0,0,0
1686602732324,346,200,320,1,0,0,0
1686602732268,391,200,370,1,0,0,0
1686602732492,167,429,167,1,1,0,0
1686602732336,308,200,287,1,0,0,0
1686602732494,279,200,272,1,0,0,0
1686602732504,298,200,290,1,0,0,0
1686602732536,297,200,289,1,0,0,0
1686602726274,6559,200,6551,1,0,0,0
1686602731619,1245,200,1218,1,0,0,0
1686602732582,321,200,308,1,0,0,0
1686602732567,366,200,349,1,0,0,0
1686602732794,171,429,171,1,1,0,0
1686602732663,302,200,291,1,0,0,0
1686602732687,307,200,295,1,0,0,0
1686602732828,166,429,166,1,1,0,0
1686602732749,273,200,261,1,0,0,0
1686602732755,281,200,267,1,0,0,0
1686602732699,337,200,323,1,0,0,0
1686602732765,276,200,257,1,0,0,0
1686602731325,1722,200,1703,1,0,0,0
1686602732769,285,200,259,1,0,0,0
1686602732581,480,200,466,1,0,0,0
1686602732788,281,200,266,1,0,0,0
1686602732783,286,200,271,1,0,0,0
1686602732827,276,200,256,1,0,0,0
1686602732689,421,200,400,1,0,0,0
1686602732794,316,200,295,1,0,0,0
1686602732941,273,200,253,1,0,0,0
1686602731750,1457,200,1451,1,0,0,333
1686602732862,324,200,309,1,0,0,0
1686602732871,281,200,275,1,0,0,0
1686602732942,281,200,259,1,0,0,0
1686602732949,287,200,281,1,0,0,0
1686602732927,309,200,296,1,0,0,0
1686602732995,274,200,257,1,0,0,0
1686602733017,285,200,265,1,0,0,0
1686602732356,975,200,968,1,0,0,0
1686602733027,317,200,304,1,0,0,0
1686602732288,1064,200,1050,1,0,0,0
1686602733078,274,200,253,1,0,0,0
1686602732042,1416,200,1376,1,0,0,0
1686602732489,969,200,969,1,0,0,0
1686602726494,7000,200,6995,1,0,0,0
1686602732519,975,200,953,1,0,0,0
1686602733258,287,200,276,1,0,0,0
1686602733273,282,200,261,1,0,0,0
1686602733278,277,200,270,1,0,0,0
1686602726495,7094,200,7087,1,0,0,0
1686602733327,275,200,262,1,0,0,0
1686602726507,7104,200,7089,1,0,0,0
1686602733352,277,200,260,1,0,0,0
1686602732802,896,200,889,1,0,0,0
1686602726518,7180,200,7173,1,0,0,0
1686602733415,276,200,260,1,0,0,0
1686602733487,169,429,169,1,1,0,0
1686602732814,965,200,931,1,0,0,0
1686602733502,277,200,277,1,0,0,0
1686602732354,1431,200,1425,1,0,0,0
1686602733636,158,429,158,1,1,0,0
1686602733552,276,200,259,1,0,0,0
1686602732410,1470,200,1448,1,0,0,0
1686602733578,302,200,286,1,0,0,0
1686602726677,7257,200,7241,1,0,0,0
1686602733714,303,200,287,1,0,0,0
1686602733795,272,200,256,1,0,0,0
1686602733762,311,200,296,1,0,0,0
1686602733342,731,200,717,1,0,0,303
1686602733905,173,429,173,1,1,0,0
1686602732542,1592,200,1585,1,0,0,0
1686602726997,7236,200,7223,1,0,0,0
1686602732560,1673,200,1659,1,0,0,0
1686602733421,805,200,799,1,0,0,0
1686602733950,270,200,269,1,0,0,0
1686602734057,163,429,163,1,1,0,0
1686602733614,606,200,605,1,0,0,329
1686602733876,343,200,303,1,0,0,0
1686602733599,620,200,580,1,0,0,319
1686602733752,419,200,402,1,0,0,0
1686602734096,164,429,164,1,1,0,0
1686602733967,306,200,293,1,0,0,0
1686602733971,303,200,289,1,0,0,0
1686602733967,313,200,293,1,0,0,0
1686602733034,1331,200,1323,1,0,0,0
1686602727398,7044,200,7044,1,0,0,0
1686602734141,307,200,301,1,0,0,0
1686602734287,161,429,161,1,1,0,0
1686602734151,309,200,297,1,0,0,0
1686602733866,758,200,758,1,0,0,353
1686602734273,353,200,353,1,0,0,0
1686602734303,323,200,323,1,0,0,0
1686602734236,390,200,390,1,0,0,0
1686602734297,329,200,329,1,0,0,0
1686602732764,1863,200,1863,1,0,0,0
1686602733623,1004,200,1004,1,0,0,0
1686602734449,178,429,178,1,1,0,0
1686602733519,1201,200,1170,1,0,0,0
1686602734332,332,200,296,1,0,0,0
1686602734390,273,200,273,1,0,0,0
1686602733650,1013,200,978,1,0,0,0
1686602734567,161,429,161,1,1,0,0
1686602734394,334,200,321,1,0,0,0
1686602734432,317,200,305,1,0,0,0
1686602734195,594,429,594,1,1,0,431
1686602727472,7336,200,7329,1,0,0,0
1686602734533,275,200,262,1,0,0,0
1686602733759,1129,200,1123,1,0,0,0
1686602734242,703,200,696,1,0,0,385
1686602734633,331,200,319,1,0,0,0
1686602733877,1110,200,1097,1,0,0,0
1686602734617,392,200,379,1,0,0,0
1686602734355,663,200,654,1,0,0,410
1686602734765,267,200,260,1,0,0,0
1686602733915,1123,200,1110,1,0,0,305
1686602734361,677,200,664,1,0,0,404
1686602734744,334,200,305,1,0,0,0
1686602734040,1038,200,1037,1,0,0,0
1686602734810,273,200,268,1,0,0,0
1686602734667,474,429,474,1,1,0,313
1686602734639,602,200,595,1,0,0,341
1686602734605,603,200,586,1,0,0,334
1686602734891,300,200,286,1,0,0,0
1686602734517,660,200,645,1,0,0,394
1686602734950,307,200,301,1,0,0,0
1686602734267,990,200,974,1,0,0,0
1686602734331,992,200,977,1,0,0,0
1686602734139,1207,200,1201,1,0,0,303
1686602728164,7182,200,7176,1,0,0,0
1686602734421,932,200,919,1,0,0,368
1686602735183,170,429,170,1,1,0,0
1686602733840,1513,429,1513,1,1,0,1343
1686602734782,587,200,580,1,0,0,319
1686602735222,156,429,156,1,1,0,0
1686602735139,264,200,250,1,0,0,0
1686602734033,1377,200,1365,1,0,0,324
1686602735147,268,200,256,1,0,0,0
1686602735143,278,200,267,1,0,0,0
1686602735277,172,429,172,1,1,0,0
1686602733670,1815,200,1801,1,0,0,0
1686602734482,1032,200,1022,1,0,0,0
1686602734922,605,200,592,1,0,0,312
1686602735252,275,200,262,1,0,0,0
1686602735272,273,200,255,1,0,0,0
1686602734978,598,200,592,1,0,0,317
1686602734955,666,200,654,1,0,0,0
1686602728584,7127,200,7120,1,0,0,0
1686602735133,554,200,540,1,0,0,0
1686602734724,957,200,942,1,0,0,308
1686602735369,281,200,262,1,0,0,0
1686602735424,334,200,327,1,0,0,0
1686602735603,163,429,163,1,1,0,0
1686602735479,299,200,287,1,0,0,0
1686602728504,7318,200,7303,1,0,0,309
1686602735129,693,200,686,1,0,0,321
1686602735529,339,200,326,1,0,0,0
1686602735353,588,200,581,1,0,0,313
1686602735292,706,200,700,1,0,0,323
1686602735695,316,200,303,1,0,0,0
1686602733970,2049,200,2041,1,0,0,0
1686602735499,574,200,561,1,0,0,317
1686602735929,165,429,165,1,1,0,0
1686602735841,270,200,263,1,0,0,0
1686602735646,478,429,478,1,1,0,313
1686602735116,1132,200,1117,1,0,0,0
1686602735962,278,200,271,1,0,0,0
1686602735612,594,200,588,1,0,0,307
1686602735901,280,200,266,1,0,0,0
1686602735930,491,429,491,1,1,0,327
1686602736310,174,429,174,1,1,0,0
1686602734628,1865,200,1849,1,0,0,0
1686602735865,639,200,628,1,0,0,322
1686602736321,282,200,268,1,0,0,0
1686602736312,291,200,271,1,0,0,0
1686602736348,284,200,267,1,0,0,0
1686602736658,178,429,178,1,1,0,0
1686602736651,272,200,251,1,0,0,0
1686602736675,288,200,276,1,0,0,0
1686602730613,6395,200,6370,1,0,0,0
1686602736452,624,200,618,1,0,0,309
1686602730617,6493,200,6459,1,0,0,0
1686602736615,592,200,585,1,0,0,318
1686602737003,275,200,251,1,0,0,0
1686602737053,295,200,275,1,0,0,0
1686602737135,282,200,275,1,0,0,0
1686602730909,6581,200,6563,1,0,0,0
1686602736930,619,200,613,1,0,0,324
1686602736365,1226,200,1226,1,0,0,0
1686602737309,282,200,282,1,0,0,0
1686602737445,164,429,164,1,1,0,0
1686602737346,277,200,256,1,0,0,0
1686602737344,322,200,302,1,0,0,0
1686602737382,284,200,264,1,0,0,0
1686602737393,327,200,265,1,0,0,0
1686602737508,294,200,274,1,0,0,0
1686602737621,280,200,261,1,0,0,0
1686602737759,165,429,165,1,1,0,0
1686602737675,314,200,298,1,0,0,0
1686602737825,273,200,259,1,0,0,0
1686602737964,167,429,167,1,1,0,0
1686602731392,6882,200,6870,1,0,0,364
1686602738043,274,200,264,1,0,0,0
1686602737875,585,200,565,1,0,0,0
1686602738330,305,200,286,1,0,0,0
1686602732367,6287,200,6280,1,0,0,0
1686602732490,6307,200,6275,1,0,0,0
1686602738141,940,200,929,1,0,0,0
1686602733015,6096,200,6078,1,0,0,0
1686602738950,289,200,289,1,0,0,0
1686602739065,278,200,268,1,0,0,0
1686602733092,6299,200,6293,1,0,0,0
1686602739148,263,200,251,1,0,0,0
1686602738591,872,200,820,1,0,0,0
1686602739153,318,200,310,1,0,0,0
1686602739307,286,200,265,1,0,0,0
1686602739552,160,429,160,1,1,0,0
1686602737106,2606,200,2588,1,0,0,0
1686602739452,328,200,320,1,0,0,0
1686602739643,287,200,267,1,0,0,0
1686602739438,518,200,501,1,0,0,0
1686602739801,166,429,166,1,1,0,0
1686602739703,270,200,257,1,0,0,0
1686602733766,6271,200,6258,1,0,0,0
1686602739646,401,200,384,1,0,0,0
1686602739837,290,200,277,1,0,0,0
1686602739765,413,200,402,1,0,0,0
1686602739956,311,200,298,1,0,0,0
1686602740032,299,200,292,1,0,0,0
1686602740123,282,200,268,1,0,0,0
1686602739885,632,200,625,1,0,0,369
1686602740292,263,200,244,1,0,0,0
1686602739815,777,200,769,1,0,0,0
1686602739914,729,200,724,1,0,0,330
1686602740473,427,200,421,1,0,0,0
1686602740723,318,200,306,1,0,0,0
1686602734908,6197,200,6191,1,0,0,311
1686602740524,605,200,599,1,0,0,324
1686602738623,2966,200,2951,1,0,0,0
1686602741548,281,200,267,1,0,0,0
1686602741521,350,200,338,1,0,0,0
1686602741613,269,200,255,1,0,0,0
1686602741784,281,200,269,1,0,0,0
1686602736092,6078,200,6047,1,0,0,0
1686602742005,294,200,285,1,0,0,0
1686602742621,168,429,168,1,1,0,0
1686602742599,295,200,266,1,0,0,0
1686602742667,329,200,309,1,0,0,0
1686602743122,162,429,162,1,1,0,0
1686602740362,2940,200,2927,1,0,0,0
1686602743154,385,200,361,1,0,0,0
1686602743699,431,200,415,1,0,0,0
1686602743892,283,200,273,1,0,0,0
1686602744092,277,200,262,1,0,0,0
1686602744049,325,200,320,1,0,0,0
1686602744128,277,200,258,1,0,0,0
1686602743816,616,200,609,1,0,0,0
1686602744125,326,200,317,1,0,0,0
1686602744316,168,429,168,1,1,0,0
1686602744297,322,200,310,1,0,0,0
1686602744439,268,200,264,1,0,0,0
1686602744038,758,200,752,1,0,0,0
1686602744803,167,429,167,1,1,0,0
1686602739376,5725,200,5712,1,0,0,0
1686602745162,168,429,168,1,1,0,0
1686602744649,682,200,675,1,0,0,0
1686602745066,308,200,293,1,0,0,0
1686602745097,277,200,270,1,0,0,0
1686602744614,858,200,845,1,0,0,0
1686602745287,267,200,265,1,0,0,0
1686602745287,267,200,255,1,0,0,0
1686602745327,274,200,259,1,0,0,0
1686602745364,304,200,298,1,0,0,0
1686602744745,939,200,933,1,0,0,0
1686602745636,166,429,166,1,1,0,0
1686602745504,322,200,309,1,0,0,0
1686602745581,356,200,343,1,0,0,0
1686602745783,191,429,191,1,1,0,0
1686602745812,173,429,173,1,1,0,0
1686602745438,595,200,588,1,0,0,334
1686602745750,283,200,269,1,0,0,0
1686602745794,267,200,262,1,0,0,0
1686602745670,431,200,416,1,0,0,0
1686602745481,620,200,605,1,0,0,313
1686602745512,589,200,574,1,0,0,309
1686602745645,616,200,609,1,0,0,0
1686602746059,176,429,176,1,1,0,0
1686602746044,168,429,168,1,1,0,0
1686602744353,1947,200,1938,1,0,0,0
1686602746133,167,429,167,1,1,0,0
1686602745562,759,200,744,1,0,0,332
1686602745531,843,200,837,1,0,0,333
1686602745323,1075,200,1060,1,0,0,763
1686602746107,291,200,276,1,0,0,0
1686602746151,335,200,326,1,0,0,0
1686602745745,751,200,741,1,0,0,0
1686602746338,167,429,167,1,1,0,0
1686602746089,430,200,416,1,0,0,0
1686602745941,618,200,605,1,0,0,320
1686602746453,166,429,166,1,1,0,0
1686602745853,876,200,867,1,0,0,0
1686602746435,286,200,279,1,0,0,0
1686602746428,262,200,247,1,0,0,0
1686602746527,274,200,259,1,0,0,0
1686602741153,5661,200,5647,1,0,0,0
1686602746569,271,200,262,1,0,0,0
1686602746284,570,200,563,1,0,0,0
1686602746602,266,200,252,1,0,0,0
1686602746355,609,200,601,1,0,0,0
1686602745958,1022,200,1015,1,0,0,0
1686602746843,165,429,165,1,1,0,0
1686602746063,977,200,970,1,0,0,0
1686602746490,558,200,550,1,0,0,296
1686602746609,464,429,464,1,1,0,309
1686602744924,2177,200,2171,1,0,0,0
1686602746792,325,200,309,1,0,0,0
1686602746857,280,200,265,1,0,0,0
1686602746855,282,200,274,1,0,0,0
1686602746778,475,429,475,1,1,0,305
1686602746668,561,200,553,1,0,0,305
1686602746747,466,429,466,1,1,0,312
1686602746905,308,200,302,1,0,0,0
1686602746542,665,200,651,1,0,0,326
1686602747033,321,200,314,1,0,0,0
1686602746399,1065,200,1065,1,0,0,0
1686602746874,608,200,601,1,0,0,327
1686602747269,330,200,316,1,0,0,0
1686602747271,334,200,321,1,0,0,0
1686602747099,506,200,500,1,0,0,0
1686602747133,503,429,503,1,1,0,331
1686602746973,780,200,774,1,0,0,322
1686602747247,484,429,484,1,1,0,312
1686602746628,1098,200,1079,1,0,0,0
1686602747699,173,429,173,1,1,0,0
1686602747413,507,429,507,1,1,0,333
1686602747675,264,200,258,1,0,0,0
1686602747201,769,200,763,1,0,0,0
1686602747380,672,200,667,1,0,0,316
1686602747518,618,200,607,1,0,0,322
1686602747643,579,200,562,1,0,0,313
1686602747598,607,200,601,1,0,0,322
1686602748033,158,429,158,1,1,0,0
1686602747609,572,200,556,1,0,0,311
1686602747182,1103,200,1094,1,0,0,319
1686602748004,328,200,302,1,0,0,0
1686602747877,483,429,483,1,1,0,314
1686602748131,276,200,257,1,0,0,0
1686602747882,592,200,586,1,0,0,309
1686602748127,426,200,407,1,0,0,0
1686602747995,598,200,584,1,0,0,312
1686602748350,275,200,251,1,0,0,0
1686602748046,708,200,695,1,0,0,314
1686602748131,617,200,610,1,0,0,306
1686602748447,280,200,257,1,0,0,0
1686602748064,647,200,640,1,0,0,309
1686602746737,2043,200,2037,1,0,0,311
1686602748152,642,200,627,1,0,0,322
1686602748256,593,200,586,1,0,0,323
1686602748605,289,200,273,1,0,0,0
1686602748259,641,200,626,1,0,0,320
1686602748457,637,200,637,1,0,0,337
1686602748141,986,200,977,1,0,0,296
1686602748409,749,200,718,1,0,0,0
1686602748581,800,200,800,1,0,0,313
1686602748757,624,200,624,1,0,0,337
1686602748749,632,200,632,1,0,0,345
1686602748738,643,200,643,1,0,0,356
1686602747920,1490,200,1480,1,0,0,341
1686602748462,987,200,980,1,0,0,324
1686602749303,166,429,166,1,1,0,0
1686602747926,1576,200,1575,1,0,0,548
1686602748875,671,200,656,1,0,0,367
1686602749279,275,200,252,1,0,0,0
1686602748255,1429,200,1423,1,0,0,324
1686602749125,690,200,676,1,0,0,396
1686602749546,275,200,255,1,0,0,0
1686602749122,706,200,700,1,0,0,399
1686602747581,2362,200,2362,1,0,0,0
1686602749449,603,200,591,1,0,0,335
1686602749790,269,200,250,1,0,0,0
1686602750093,273,200,249,1,0,0,0
1686602750211,267,200,261,1,0,0,0
1686602750230,289,200,270,1,0,0,0
1686602750348,171,429,171,1,1,0,0
1686602750000,572,200,564,1,0,0,308
1686602750322,305,200,299,1,0,0,0
1686602750349,292,200,272,1,0,0,0
1686602750321,328,200,306,1,0,0,0
1686602750368,302,200,281,1,0,0,0
1686602750502,181,429,181,1,1,0,0
1686602750483,288,200,280,1,0,0,0
1686602750528,275,200,253,1,0,0,0
1686602745066,5875,200,5869,1,0,0,0
1686602750649,306,200,285,1,0,0,0
1686602750790,170,429,170,1,1,0,0
1686602750638,323,200,309,1,0,0,0
1686602750721,323,200,311,1,0,0,0
1686602750808,278,200,265,1,0,0,0
1686602750820,297,200,283,1,0,0,0
1686602750986,170,429,170,1,1,0,0
1686602745289,5955,200,5949,1,0,0,0
1686602749127,2110,200,2088,1,0,0,0
1686602750814,416,200,395,1,0,0,0
1686602750924,286,200,269,1,0,0,0
1686602750870,308,200,286,1,0,0,0
1686602750843,437,200,431,1,0,0,0
1686602751038,269,200,263,1,0,0,0
1686602751066,278,200,272,1,0,0,0
1686602751051,300,200,287,1,0,0,0
1686602751129,282,200,262,1,0,0,0
1686602751171,282,200,260,1,0,0,0
1686602751207,275,200,262,1,0,0,0
1686602745688,5812,200,5795,1,0,0,0
1686602751421,176,429,176,1,1,0,0
1686602745582,6033,200,6027,1,0,0,331
1686602751455,168,429,168,1,1,0,0
1686602751356,294,200,286,1,0,0,0
1686602751403,300,200,280,1,0,0,0
1686602751103,594,200,580,1,0,0,320
1686602751503,272,200,264,1,0,0,0
1686602751464,311,200,296,1,0,0,0
1686602751492,363,200,337,1,0,0,0
1686602751605,312,200,296,1,0,0,0
1686602745993,5925,200,5918,1,0,0,313
1686602751658,274,200,259,1,0,0,0
1686602751593,372,200,353,1,0,0,0
1686602751579,386,200,367,1,0,0,0
1686602751269,783,200,765,1,0,0,0
1686602751816,289,200,274,1,0,0,0
1686602751827,284,200,270,1,0,0,0
1686602751848,283,200,257,1,0,0,0
1686602751885,300,200,277,1,0,0,0
1686602752068,172,429,172,1,1,0,0
1686602750929,1423,200,1407,1,0,0,0
1686602752131,310,200,310,1,0,0,0
1686602751895,689,200,647,1,0,0,314
1686602750319,2428,200,2405,1,0,0,0
1686602751586,1092,200,1079,1,0,0,315
1686602752403,412,200,399,1,0,0,0
1686602752612,267,200,253,1,0,0,0
1686602752665,304,200,291,1,0,0,0
1686602752717,258,200,246,1,0,0,0
1686602752393,656,200,649,1,0,0,401
1686602752413,643,200,636,1,0,0,322
1686602752469,607,200,595,1,0,0,340
1686602752128,985,200,972,1,0,0,0
1686602752948,165,429,165,1,1,0,0
1686602752544,611,200,596,1,0,0,322
1686602752748,415,200,407,1,0,0,0
1686602752893,276,200,263,1,0,0,0
1686602752474,792,200,782,1,0,0,335
1686602752631,598,200,593,1,0,0,325
1686602752901,291,200,276,1,0,0,0
1686602752894,288,200,275,1,0,0,0
1686602750852,2438,200,2413,1,0,0,0
1686602747289,6089,200,6082,1,0,0,0
1686602753106,282,200,273,1,0,0,0
1686602752848,594,200,587,1,0,0,329
1686602752894,593,200,586,1,0,0,318
1686602753178,318,200,302,1,0,0,0
1686602753332,164,429,164,1,1,0,0
1686602753263,326,200,326,1,0,0,0
1686602753308,282,200,281,1,0,0,0
1686602753328,262,200,262,1,0,0,0
1686602751222,2499,200,2482,1,0,0,0
1686602753357,365,200,348,1,0,0,0
1686602753482,298,200,283,1,0,0,0
1686602753198,612,200,597,1,0,0,326
1686602752601,1258,200,1221,1,0,0,0
1686602752619,1279,200,1272,1,0,0,801
1686602753099,893,200,887,1,0,0,592
1686602753702,331,200,306,1,0,0,0
1686602753826,278,200,264,1,0,0,0
1686602753772,358,200,338,1,0,0,0
1686602753974,164,429,164,1,1,0,0
1686602752963,1268,200,1262,1,0,0,0
1686602753968,289,200,281,1,0,0,0
1686602753547,668,200,662,1,0,0,331
1686602753871,313,200,301,1,0,0,0
1686602753988,319,200,319,1,0,0,0
1686602754195,328,200,328,1,0,0,0
1686602751980,2554,200,2547,1,0,0,0
1686602754279,300,200,288,1,0,0,0
1686602754204,394,200,386,1,0,0,0
1686602754304,301,200,294,1,0,0,0
1686602748613,6159,200,6141,1,0,0,0
1686602754417,287,200,272,1,0,0,0
1686602754634,169,429,169,1,1,0,0
1686602754323,739,200,731,1,0,0,357
1686602754789,285,200,265,1,0,0,0
1686602754487,662,200,652,1,0,0,334
1686602754570,585,200,579,1,0,0,315
1686602754912,262,200,256,1,0,0,0
1686602755081,167,429,167,1,1,0,0
1686602754416,871,200,864,1,0,0,551
1686602755163,305,200,287,1,0,0,0
1686602754951,601,200,595,1,0,0,330
1686602754782,838,200,832,1,0,0,0
1686602755365,264,200,249,1,0,0,0
1686602755108,670,200,648,1,0,0,0
1686602755496,267,200,247,1,0,0,0
1686602755327,485,200,464,1,0,0,0
1686602755649,346,200,338,1,0,0,0
1686602755874,269,200,263,1,0,0,0
1686602755275,904,200,885,1,0,0,0
1686602755944,295,200,278,1,0,0,0
1686602755786,599,200,593,1,0,0,323
1686602755730,712,200,706,1,0,0,316
1686602753846,2651,200,2616,1,0,0,0
1686602756176,333,200,326,1,0,0,0
1686602756088,511,200,498,1,0,0,0
1686602756157,460,200,442,1,0,0,0
1686602756361,295,200,275,1,0,0,0
1686602756433,303,200,296,1,0,0,0
1686602751339,5634,200,5622,1,0,0,0
1686602756858,349,200,343,1,0,0,0
1686602757007,286,200,277,1,0,0,0
1686602757085,299,200,286,1,0,0,0
1686602757121,283,200,263,1,0,0,0
1686602757177,285,200,265,1,0,0,0
1686602757327,163,429,163,1,1,0,0
1686602757173,317,200,298,1,0,0,0
1686602755173,2466,200,2446,1,0,0,0
1686602751494,6166,200,6144,1,0,0,0
1686602757563,175,429,175,1,1,0,0
1686602757112,596,200,590,1,0,0,319
1686602757627,320,200,296,1,0,0,0
1686602757819,265,200,249,1,0,0,0
1686602757850,331,200,317,1,0,0,0
1686602752139,6150,200,6144,1,0,0,348
1686602755533,2729,200,2709,1,0,0,0
1686602757818,385,200,373,1,0,0,0
1686602751798,6392,200,6376,1,0,0,320
1686602757866,449,200,436,1,0,0,0
1686602758221,272,200,259,1,0,0,0
1686602757804,695,200,683,1,0,0,363
1686602757929,577,200,570,1,0,0,313
1686602752656,5858,200,5843,1,0,0,0
1686602758273,320,200,307,1,0,0,0
1686602758084,577,200,568,1,0,0,315
1686602758497,164,429,164,1,1,0,0
1686602758463,288,200,268,1,0,0,0
1686602758168,557,200,551,1,0,0,0
1686602758707,175,429,175,1,1,0,0
1686602758464,589,200,586,1,0,0,334
1686602759438,164,429,164,1,1,0,0
1686602759231,583,200,576,1,0,0,317
1686602759528,291,200,279,1,0,0,0
1686602759694,301,200,291,1,0,0,0
1686602759656,365,200,358,1,0,0,0
1686602759509,528,200,512,1,0,0,0
1686602760040,273,200,260,1,0,0,0
1686602759703,625,200,618,1,0,0,353
1686602759833,517,200,495,1,0,0,0
1686602759926,558,200,552,1,0,0,302
1686602760319,293,200,273,1,0,0,0
1686602760345,304,200,292,1,0,0,0
1686602760369,315,200,295,1,0,0,0
1686602760569,286,200,266,1,0,0,0
1686602760590,324,200,304,1,0,0,0
1686602760714,320,200,300,1,0,0,0
1686602760797,272,200,264,1,0,0,0
1686602761089,263,200,258,1,0,0,0
1686602755839,6026,200,6007,1,0,0,0
1686602756036,6023,200,6003,1,0,0,0
1686602762069,272,200,266,1,0,0,0
1686602761901,523,200,504,1,0,0,0
1686602762395,355,200,315,1,0,0,0
1686602762377,372,200,333,1,0,0,0
1686602762514,293,200,259,1,0,0,0
1686602762156,671,200,664,1,0,0,0
1686602762707,172,429,172,1,1,0,0
1686602762637,265,200,251,1,0,0,0
1686602762529,449,200,443,1,0,0,0
1686602762943,177,429,177,1,1,0,0
1686602762892,275,200,265,1,0,0,0
1686602762960,294,200,288,1,0,0,0
1686602761966,1325,200,1318,1,0,0,0
1686602763078,435,200,430,1,0,0,0
1686602763388,370,200,357,1,0,0,0
1686602763148,647,200,639,1,0,0,0
1686602763542,617,200,602,1,0,0,355
1686602763949,289,200,274,1,0,0,0
1686602764063,333,200,333,1,0,0,0
1686602764209,187,429,187,1,1,0,0
1686602764168,311,200,304,1,0,0,0
1686602764360,275,200,269,1,0,0,0
1686602764008,651,200,645,1,0,0,388
1686602764555,265,200,258,1,0,0,0
1686602764597,282,200,276,1,0,0,0
1686602764661,278,200,262,1,0,0,0
1686602764450,585,200,582,1,0,0,332
1686602764100,961,200,944,1,0,0,682
1686602764896,173,429,173,1,1,0,0
1686602764820,277,200,265,1,0,0,0
1686602764448,654,200,642,1,0,0,334
1686602764823,279,200,267,1,0,0,0
1686602764060,1115,200,1089,1,0,0,0
1686602763854,1338,200,1331,1,0,0,0
1686602764829,363,200,356,1,0,0,0
1686602764632,630,200,617,1,0,0,0
1686602765197,274,200,267,1,0,0,0
1686602765300,308,200,296,1,0,0,0
1686602765290,335,200,318,1,0,0,0
1686602764961,670,200,654,1,0,0,362
1686602765359,285,200,279,1,0,0,0
1686602765371,274,200,267,1,0,0,0
1686602763985,1890,200,1877,1,0,0,0
1686602765651,276,200,264,1,0,0,0
1686602765540,644,200,638,1,0,0,0
1686602765604,587,200,580,1,0,0,303
1686602765611,639,200,633,1,0,0,0
1686602766014,482,429,482,1,1,0,312
1686602766228,289,200,268,1,0,0,0
1686602766261,282,200,267,1,0,0,0
1686602766051,586,200,580,1,0,0,319
1686602766650,168,429,168,1,1,0,0
1686602766644,273,200,266,1,0,0,0
1686602766329,595,200,581,1,0,0,318
1686602765862,1082,200,1076,1,0,0,0
1686602766018,1071,200,1062,1,0,0,811
1686602766572,571,200,565,1,0,0,308
1686602766779,510,429,510,1,1,0,338
1686602767044,286,200,266,1,0,0,0
1686602766750,580,200,566,1,0,0,302
1686602766758,580,200,572,1,0,0,322
1686602767133,274,200,255,1,0,0,0
1686602767165,274,200,252,1,0,0,0
1686602766724,722,200,715,1,0,0,458
1686602767093,562,200,556,1,0,0,301
1686602766360,1338,200,1326,1,0,0,306
1686602767513,286,200,280,1,0,0,0
1686602766985,808,429,808,1,1,0,634
1686602767508,258,200,258,1,0,0,0
1686602767674,272,200,264,1,0,0,0
1686602767680,310,200,266,1,0,0,0
1686602767353,655,200,649,1,0,0,334
1686602766357,1743,200,1727,1,0,0,328
1686602767702,590,200,575,1,0,0,316
1686602766480,1872,200,1866,1,0,0,308
1686602765800,2719,200,2714,1,0,0,325
1686602768064,584,200,576,1,0,0,313
1686602768374,304,200,297,1,0,0,0
1686602768430,341,200,325,1,0,0,0
1686602768536,330,200,317,1,0,0,0
1686602768714,275,200,257,1,0,0,0
1686602769202,277,200,260,1,0,0,0
1686602769258,274,200,268,1,0,0,0
1686602767228,2354,200,2354,1,0,0,0
1686602769426,161,429,161,1,1,0,0
1686602764430,5163,200,5152,1,0,0,0
1686602767415,2193,200,2188,1,0,0,316
1686602769485,285,200,266,1,0,0,0
1686602769456,295,200,291,1,0,0,0
1686602769356,356,200,344,1,0,0,0
1686602769076,636,200,624,1,0,0,314
1686602769505,344,200,327,1,0,0,0
1686602769319,562,200,556,1,0,0,0
1686602768964,934,200,917,1,0,0,335
1686602768955,950,200,943,1,0,0,344
1686602769683,257,200,251,1,0,0,0
1686602769687,293,200,284,1,0,0,0
1686602769423,715,200,704,1,0,0,0
1686602769404,756,200,742,1,0,0,0
1686602768232,1928,200,1914,1,0,0,0
1686602770014,173,429,173,1,1,0,0
1686602769114,1086,200,1066,1,0,0,0
1686602769793,598,200,579,1,0,0,0
1686602770091,330,200,310,1,0,0,0
1686602769867,678,200,671,1,0,0,406
1686602770132,421,200,406,1,0,0,0
1686602769935,838,429,838,1,1,0,664
1686602770347,398,200,398,1,0,0,0
1686602770389,356,200,313,1,0,0,0
1686602770691,163,429,163,1,1,0,0
1686602770566,316,200,296,1,0,0,0
1686602770885,317,200,311,1,0,0,0
1686602771114,170,429,170,1,1,0,0
1686602771055,169,429,169,1,1,0,0
1686602770774,589,200,585,1,0,0,297
1686602770706,667,200,653,1,0,0,335
1686602771057,334,200,327,1,0,0,0
1686602769590,1874,200,1865,1,0,0,0
1686602768958,2600,200,2597,1,0,0,0
1686602771007,636,200,620,1,0,0,322
1686602771375,277,200,260,1,0,0,0
1686602771118,586,200,579,1,0,0,314
1686602771306,600,200,596,1,0,0,321
1686602771642,291,200,277,1,0,0,0
1686602771697,288,200,280,1,0,0,0
1686602771870,166,429,166,1,1,0,0
1686602772003,163,429,163,1,1,0,0
1686602771910,302,200,282,1,0,0,0
1686602771561,753,200,738,1,0,0,0
1686602766728,5607,200,5586,1,0,0,0
1686602772183,161,429,161,1,1,0,0
1686602772083,261,200,253,1,0,0,0
1686602772206,162,429,162,1,1,0,0
1686602772074,339,200,328,1,0,0,0
1686602772274,291,200,291,1,0,0,0
1686602772467,168,429,168,1,1,0,0
1686602772635,272,200,264,1,0,0,0
1686602772388,612,200,612,1,0,0,324
1686602771018,1984,200,1980,1,0,0,0
1686602772463,597,200,580,1,0,0,0
1686602772603,564,200,556,1,0,0,311
1686602772870,325,200,311,1,0,0,0
1686602772975,339,200,325,1,0,0,0
1686602772544,763,200,756,1,0,0,468
1686602772804,638,200,638,1,0,0,341
1686602772847,623,200,610,1,0,0,0
1686602768037,5470,200,5470,1,0,0,315
1686602773173,516,429,516,1,1,0,355
1686602773636,174,429,174,1,1,0,0
1686602773466,299,200,284,1,0,0,0
1686602773440,281,200,261,1,0,0,0
1686602773699,348,200,328,1,0,0,0
1686602774008,304,200,285,1,0,0,0
1686602773969,363,200,350,1,0,0,0
1686602772577,1810,200,1755,1,0,0,0
1686602774347,168,429,168,1,1,0,0
1686602774181,442,200,442,1,0,0,0
1686602773742,912,200,894,1,0,0,0
1686602773850,836,200,830,1,0,0,0
1686602774307,404,200,391,1,0,0,0
1686602773458,1508,200,1501,1,0,0,307
1686602774532,445,200,427,1,0,0,0
1686602773907,1444,200,1444,1,0,0,0
1686602775010,379,200,360,1,0,0,0
1686602775349,165,429,165,1,1,0,0
1686602775251,287,200,273,1,0,0,0
1686602775421,304,200,298,1,0,0,0
1686602775358,544,200,524,1,0,0,0
1686602775535,764,200,741,1,0,0,0
1686602775917,325,200,325,1,0,0,0
1686602775535,801,200,781,1,0,0,0
1686602776131,277,200,265,1,0,0,0
1686602776150,269,200,252,1,0,0,0
1686602771811,4719,200,4711,1,0,0,0
1686602775803,735,200,721,1,0,0,439
1686602776375,163,429,163,1,1,0,0
1686602775810,1162,200,1154,1,0,0,432
1686602776742,275,200,263,1,0,0,0
1686602776551,582,200,576,1,0,0,319
1686602776975,286,200,266,1,0,0,0
1686602776139,1122,200,1110,1,0,0,384
1686602776455,955,200,944,1,0,0,0
1686602776932,664,200,664,1,0,0,310
1686602775866,1790,200,1778,1,0,0,0
1686602777541,160,429,160,1,1,0,0
1686602777429,286,200,272,1,0,0,0
1686602777919,268,200,256,1,0,0,0
1686602777611,636,200,636,1,0,0,327
1686602778326,302,200,295,1,0,0,0
1686602778352,475,200,466,1,0,0,0
1686602778611,445,200,428,1,0,0,0
1686602774796,4662,200,4655,1,0,0,0
1686602779325,296,200,296,1,0,0,0
1686602779377,389,200,376,1,0,0,0
1686602779610,323,200,302,1,0,0,0
1686602779946,335,200,329,1,0,0,0
1686602780351,271,200,251,1,0,0,0
1686602780813,302,200,282,1,0,0,0
1686602776193,4985,200,4971,1,0,0,0
1686602780597,589,200,580,1,0,0,319
1686602781134,178,429,178,1,1,0,0
1686602779198,2086,200,2067,1,0,0,0
1686602780917,328,200,314,1,0,0,0
1686602780624,765,200,759,1,0,0,0
1686602780826,670,200,654,1,0,0,0
1686602781676,272,200,260,1,0,0,0
1686602782007,276,200,264,1,0,0,0
1686602782692,275,200,263,1,0,0,0
1686602782311,684,200,677,1,0,0,337
1686602782586,604,200,598,1,0,0,327
1686602783267,175,429,175,1,1,0,0
1686602783316,286,200,273,1,0,0,0
1686602783347,264,200,255,1,0,0,0
1686602783658,275,200,268,1,0,0,0
1686602784036,266,200,257,1,0,0,0
1686602784001,268,200,260,1,0,0,0
1686602784080,307,200,300,1,0,0,0
1686602784278,161,429,161,1,1,0,0
1686602778990,5587,200,5567,1,0,0,0
1686602784480,304,200,298,1,0,0,0
1686602784368,393,200,387,1,0,0,0
1686602785216,336,200,316,1,0,0,0
1686602785068,607,200,587,1,0,0,0
1686602787478,365,200,365,1,0,0,0
1686602787577,303,200,290,1,0,0,0
1686602787566,323,200,307,1,0,0,0
1686602787734,179,429,179,1,1,0,0
1686602788029,281,200,274,1,0,0,0
1686602783434,5530,200,5524,1,0,0,0
1686602788810,189,429,189,1,1,0,0
1686602789209,283,200,269,1,0,0,0
1686602788722,832,200,826,1,0,0,0
1686602789715,270,200,260,1,0,0,0
1686602789899,267,200,261,1,0,0,0
1686602788465,1850,200,1843,1,0,0,0
1686602790842,271,200,261,1,0,0,0
1686602785395,6040,200,6034,1,0,0,0
1686602785729,5995,200,5989,1,0,0,0
1686602786622,6293,200,6286,1,0,0,0
1686602793024,275,200,275,1,0,0,0
1686602787380,6484,200,6478,1,0,0,0
1686602793407,417,200,404,1,0,0,0
1686602794660,181,429,181,1,1,0,0
1686602794055,934,200,919,1,0,0,0
1686602798903,265,200,258,1,0,0,0
1686602803923,4909,200,4903,1,0,0,0
